"Date","Price","Open","High","Low","Vol.","Change %"
"05/06/2024","49,163","50,175","50,175","48,401","0.99K","-0.39%"
"05/03/2024","49,354","50,060","50,060","48,600","1.81K","0.99%"
"05/02/2024","48,872","49,790","49,790","48,536","3.80K","-2.36%"
"04/30/2024","50,052","50,047","50,160","49,900","0.84K","0.23%"
"04/29/2024","49,937","50,264","50,310","50,000","1.09K","-0.16%"
"04/26/2024","50,016","51,104","51,104","50,209","0.32K","0.51%"
"04/25/2024","49,763","50,559","50,599","49,906","0.87K","-2.25%"
"04/24/2024","50,910","50,958","51,110","50,530","1.34K","1.14%"
"04/23/2024","50,335","50,469","50,548","50,168","0.97K","0.83%"
"04/22/2024","49,921","49,900","50,147","49,409","0.77K","-0.08%"
"04/19/2024","49,961","49,802","50,293","49,802","0.39K","-0.69%"
"04/18/2024","50,309","50,139","50,276","49,898","1.16K","0.20%"
"04/17/2024","50,209","50,344","50,556","49,862","0.78K","0.34%"
"04/16/2024","50,037","50,657","50,657","50,143","2.05K","-1.82%"
"04/15/2024","50,966","50,768","51,426","50,501","0.85K","0.30%"
"04/12/2024","50,814","50,957","51,061","50,390","1.74K","0.69%"
"04/11/2024","50,467","51,759","51,759","50,279","5.15K","0.08%"
"04/10/2024","50,425","50,312","50,617","50,031","1.66K","1.23%"
"04/09/2024","49,814","50,657","50,657","50,000","2.04K","-1.59%"
"04/08/2024","50,617","50,732","50,844","50,102","0.99K","0.37%"
"04/05/2024","50,432","50,500","50,500","50,000","0.69K","-1.16%"
"04/04/2024","51,023","50,800","51,372","50,501","0.89K","0.20%"
"04/03/2024","50,920","51,224","51,254","50,704","2.30K","0.33%"
"04/02/2024","50,752","51,944","51,984","50,600","5.17K","-2.27%"
"03/28/2024","51,932","51,903","52,328","51,489","0.73K","1.00%"
"03/27/2024","51,419","52,500","52,500","51,308","1.75K","-0.67%"
"03/26/2024","51,764","52,033","52,169","51,370","0.75K","0.83%"
"03/25/2024","51,336","52,382","52,382","51,188","2.55K","-0.96%"
"03/22/2024","51,836","51,711","52,237","50,687","0.98K","1.82%"
"03/20/2024","50,910","51,316","51,316","50,866","1.85K","0.51%"
"03/19/2024","50,652","51,223","51,223","50,696","0.82K","-0.58%"
"03/18/2024","50,950","50,658","51,206","49,654","1.11K","1.91%"
"03/15/2024","49,995","50,833","50,833","49,995","1.22K","-0.74%"
"03/14/2024","50,369","50,725","51,399","49,721","1.37K","0.58%"
"03/13/2024","50,079","50,908","50,908","50,172","1.05K","-0.55%"
"03/12/2024","50,355","50,320","50,921","49,536","2.39K","1.65%"
"03/11/2024","49,539","50,974","50,974","49,659","0.56K","-1.28%"
"03/08/2024","50,179","50,367","50,395","50,100","1.18K","-0.17%"
"03/07/2024","50,265","50,678","50,678","49,783","1.62K","0.18%"
"03/06/2024","50,176","51,028","51,028","50,069","1.93K","-0.67%"
"03/05/2024","50,513","51,382","51,426","50,452","2.24K","-0.83%"
"03/04/2024","50,937","51,504","52,019","50,900","2.13K","-0.23%"
"03/01/2024","51,056","51,277","52,278","51,000","1.20K","0.20%"
"02/29/2024","50,952","51,503","51,855","50,756","3.00K","0.61%"
"02/28/2024","50,642","51,350","51,350","50,582","5.19K","0.06%"
"02/27/2024","50,612","51,606","51,606","50,584","284.17K","-1.05%"
"02/26/2024","51,151","51,500","51,500","50,810","3.13K","-0.59%"
"02/23/2024","51,453","50,018","51,682","50,018","0.47K","2.03%"
"02/22/2024","50,429","49,340","50,443","49,158","1.51K","3.48%"
"02/21/2024","48,732","49,095","49,095","48,411","0.16K","-0.71%"
"02/20/2024","49,079","49,983","49,983","48,973","1.26K","-0.90%"
"02/19/2024","49,523","49,450","49,793","49,177","1.40K","0.07%"
"02/16/2024","49,490","49,889","49,889","49,725","0.36K","0.08%"
"02/15/2024","49,452","49,845","49,845","49,586","1.81K","0.15%"
"02/14/2024","49,379","49,893","49,893","49,600","0.10K","0.40%"
"02/13/2024","49,181","50,188","50,255","49,194","1.32K","-1.03%"
"02/12/2024","49,691","50,210","50,210","49,500","1.83K","0.13%"
"02/09/2024","49,625","49,769","49,769","49,640","0.19K","0.67%"
"02/08/2024","49,296","50,000","50,000","49,000","1.20K","0.58%"
"02/07/2024","49,012","49,136","49,563","48,852","1.19K","0.35%"
"02/06/2024","48,839","49,266","49,266","48,617","6.38K","-0.52%"
"02/05/2024","49,092","49,209","49,309","48,237","1.62K","1.85%"
"02/02/2024","48,200","47,720","48,316","47,720","0.75K","1.90%"
"02/01/2024","47,302","48,153","48,635","47,200","5.57K","-0.50%"
"01/31/2024","47,538","48,504","48,504","47,850","3.20K","-1.57%"
"01/30/2024","48,297","48,750","48,750","48,218","0.31K","0.77%"
"01/29/2024","47,930","47,755","48,805","47,362","0.69K","0.37%"
"01/26/2024","47,755","48,909","48,909","47,989","0.86K","-0.55%"
"01/25/2024","48,021","48,043","48,192","47,796","0.44K","-0.41%"
"01/24/2024","48,217","48,172","48,254","47,728","0.31K","0.09%"
"01/23/2024","48,172","48,701","48,944","47,497","0.38K","-0.78%"
"01/22/2024","48,551","48,000","49,912","48,000","1.51K","3.32%"
"01/19/2024","46,989","47,422","47,789","47,196","0.08K","0.08%"
"01/18/2024","46,952","47,000","47,227","46,615","0.35K","-0.46%"
"01/17/2024","47,168","47,223","47,347","46,839","0.78K","0.62%"
"01/16/2024","46,879","48,721","48,721","46,475","0.75K","0.89%"
"01/15/2024","46,466","46,346","46,804","46,229","0.51K","0.26%"
"01/12/2024","46,346","45,951","46,565","45,951","0.25K","-0.17%"
"01/11/2024","46,424","46,852","46,852","46,326","0.49K","0.08%"
"01/10/2024","46,388","47,911","47,911","45,710","0.88K","1.34%"
"01/09/2024","45,773","47,988","47,988","45,710","0.81K","0.07%"
"01/08/2024","45,741","45,231","46,182","45,231","0.32K","-0.21%"
"01/05/2024","45,836","46,754","47,222","45,647","0.69K","-0.22%"
"01/04/2024","45,935","46,481","46,481","45,107","0.25K","-0.55%"
"01/03/2024","46,188","45,087","46,551","45,087","0.58K","1.09%"
"01/02/2024","45,689","46,200","46,336","44,966","0.50K","-1.19%"
"12/29/2023","46,240","46,758","46,758","45,335","0.48K","-0.12%"
"12/28/2023","46,295","46,370","47,052","44,999","0.87K","0.61%"
"12/27/2023","46,013","45,260","46,639","45,260","3.65K","1.35%"
"12/22/2023","45,398","46,060","46,060","45,286","0.11K","0.42%"
"12/21/2023","45,209","45,886","45,886","44,808","0.58K","-0.54%"
"12/20/2023","45,454","45,966","45,976","44,617","0.14K","0.29%"
"12/19/2023","45,322","46,035","46,035","45,643","1.35K","-0.56%"
"12/18/2023","45,579","44,500","45,652","44,500","0.50K","0.05%"
"12/14/2023","45,555","45,911","45,911","45,404","0.49K","-1.26%"
"12/13/2023","46,138","46,492","46,492","45,118","1.52K","1.08%"
"12/12/2023","45,643","45,929","45,929","45,387","0.06K","-0.14%"
"12/11/2023","45,706","46,031","46,031","45,504","0.87K","1.40%"
"12/08/2023","45,074","45,183","45,279","44,500","0.20K","0.57%"
"12/07/2023","44,819","44,500","44,945","44,500","0.03K","-0.48%"
"12/06/2023","45,036","45,551","46,555","45,034","12.83K","0.26%"
"12/05/2023","44,918","44,280","45,204","44,280","0.48K","0.81%"
"12/04/2023","44,559","45,283","45,283","43,725","3.04K","-0.22%"
"12/01/2023","44,657","45,287","45,287","44,177","0.36K","-0.41%"
"11/30/2023","44,839","44,638","44,924","44,321","0.13K","1.45%"
"11/29/2023","44,196","44,850","44,850","43,843","2.53K","-0.12%"
"11/28/2023","44,248","44,960","44,960","43,413","1.48K","-0.03%"
"11/27/2023","44,263","43,695","44,597","43,695","0.20K","-1.21%"
"11/24/2023","44,803","44,525","45,322","44,462","0.76K","0.62%"
"11/23/2023","44,525","45,296","45,296","44,267","0.58K","0.02%"
"11/22/2023","44,518","43,567","44,421","43,567","0.31K","2.77%"
"11/21/2023","43,319","43,567","43,567","42,204","0.43K","0.27%"
"11/20/2023","43,202","42,800","43,498","42,423","0.16K","0.31%"
"11/17/2023","43,067","43,567","43,567","42,880","6.49K","0.42%"
"11/16/2023","42,885","42,094","43,018","42,094","2.58K","0.39%"
"11/15/2023","42,718","43,567","43,567","42,500","4.02K","-0.53%"
"11/14/2023","42,944","43,567","43,567","42,602","1.93K","-0.01%"
"11/13/2023","42,949","43,178","43,178","41,902","0.28K","0.82%"
"11/10/2023","42,599","42,301","42,724","42,301","0.05K","0.92%"
"11/09/2023","42,209","42,577","42,577","42,300","0.11K","0.11%"
"11/08/2023","42,161","41,500","42,246","41,224","0.42K","1.26%"
"11/07/2023","41,637","42,246","42,246","41,392","0.20K","0.51%"
"11/06/2023","41,426","41,562","41,631","41,328","9.62K","0.24%"
"11/03/2023","41,328","41,703","41,703","40,470","0.45K","0.43%"
"11/02/2023","41,152","41,699","41,699","40,491","0.12K","0.91%"
"11/01/2023","40,779","40,797","41,847","40,575","1.41K","0.90%"
"10/31/2023","40,414","41,096","41,096","39,500","0.17K","0.00%"
"10/30/2023","40,413","41,688","41,688","40,551","0.86K","0.11%"
"10/27/2023","40,367","41,002","41,002","40,562","0.32K","-2.06%"
"10/26/2023","41,215","41,372","41,683","41,273","0.86K","-1.30%"
"10/25/2023","41,759","42,103","42,543","42,097","0.42K","-0.76%"
"10/24/2023","42,080","41,879","42,274","41,879","0.75K","1.17%"
"10/23/2023","41,594","41,954","41,990","41,533","0.49K","-0.50%"
"10/20/2023","41,803","42,469","42,479","41,992","1.15K","-2.42%"
"10/19/2023","42,841","42,929","43,035","42,601","0.16K","-0.09%"
"10/18/2023","42,879","42,622","42,716","42,269","0.05K","0.80%"
"10/17/2023","42,538","42,792","42,826","42,426","0.27K","-0.34%"
"10/16/2023","42,685","43,285","43,285","42,331","0.75K","-0.40%"
"10/13/2023","42,856","43,151","43,151","42,638","0.30K","-0.60%"
"10/12/2023","43,116","43,042","43,183","42,735","0.22K","1.28%"
"10/11/2023","42,572","43,500","43,500","42,751","1.43K","-1.55%"
"10/10/2023","43,243","43,643","43,720","43,032","0.79K","0.09%"
"10/09/2023","43,206","43,224","43,452","43,224","0.18K","1.01%"
"10/06/2023","42,772","43,161","43,190","42,700","0.15K","-0.45%"
"10/05/2023","42,964","42,918","43,315","42,906","0.19K","1.11%"
"10/04/2023","42,493","42,374","42,593","42,056","0.71K","0.10%"
"10/03/2023","42,450","42,625","43,181","42,625","1.56K","-1.16%"
"10/02/2023","42,949","42,428","42,829","42,428","0.70K","1.52%"
"09/29/2023","42,307","42,374","43,595","41,955","0.38K","-0.13%"
"09/28/2023","42,361","42,799","42,855","42,274","0.29K","-0.43%"
"09/27/2023","42,545","42,524","42,851","42,460","0.19K","0.50%"
"09/26/2023","42,332","42,490","42,757","42,416","1.22K","0.12%"
"09/22/2023","42,283","42,620","42,620","42,054","1.10K","-1.17%"
"09/21/2023","42,783","43,151","43,151","42,738","0.07K","-1.25%"
"09/20/2023","43,326","43,853","43,947","43,638","0.64K","-0.21%"
"09/19/2023","43,419","44,047","44,054","43,620","0.94K","-0.97%"
"09/18/2023","43,846","44,700","442,159","43,672","7.84K","-0.84%"
"09/15/2023","44,219","44,000","44,746","44,000","0.60K","0.56%"
"09/14/2023","43,971","43,850","44,000","43,629","0.28K","0.96%"
"09/13/2023","43,551","44,051","44,390","43,925","0.16K","-0.89%"
"09/12/2023","43,944","44,128","44,141","43,814","0.26K","0.32%"
"09/11/2023","43,805","44,944","45,000","43,564","0.60K","-1.11%"
"09/08/2023","44,297","44,360","44,360","43,909","0.17K","0.33%"
"09/07/2023","44,153","44,615","44,662","44,194","0.35K","-1.09%"
"09/06/2023","44,641","44,507","45,182","44,507","0.37K","-0.86%"
"09/05/2023","45,030","44,991","45,592","44,607","0.62K","0.94%"
"09/04/2023","44,612","43,848","44,806","43,848","0.95K","1.59%"
"09/01/2023","43,913","44,212","44,212","43,711","3.24K","-0.95%"
"08/31/2023","44,336","43,976","44,000","43,598","0.31K","2.38%"
"08/30/2023","43,307","43,426","43,470","43,033","0.78K","1.06%"
"08/29/2023","42,854","42,351","42,932","42,260","2.66K","1.00%"
"08/28/2023","42,429","43,558","43,558","41,022","0.58K","-0.04%"
"08/25/2023","42,447","42,820","42,820","42,411","3.18K","-0.71%"
"08/24/2023","42,752","44,000","44,000","42,882","0.09K","0.79%"
"08/23/2023","42,416","42,878","43,000","42,320","0.53K","-0.77%"
"08/22/2023","42,745","43,234","43,263","42,608","0.91K","-0.82%"
"08/21/2023","43,098","43,250","43,378","43,250","0.37K","0.60%"
"08/18/2023","42,841","43,325","43,325","42,961","3.07K","-1.50%"
"08/17/2023","43,494","42,320","43,858","42,320","0.22K","-0.92%"
"08/16/2023","43,899","44,900","44,900","44,079","0.22K","-0.51%"
"08/15/2023","44,123","44,500","44,799","44,250","0.47K","-0.25%"
"08/14/2023","44,234","43,800","44,184","43,000","0.27K","1.36%"
"08/11/2023","43,639","42,600","43,808","42,600","0.11K","-0.03%"
"08/10/2023","43,652","44,100","44,168","43,500","0.40K","-0.62%"
"08/08/2023","43,923","43,500","44,090","43,500","0.24K","1.08%"
"08/07/2023","43,455","43,273","43,500","43,040","0.67K","0.69%"
"08/04/2023","43,158","43,923","43,952","42,953","0.63K","-0.93%"
"08/03/2023","43,563","43,412","43,597","43,033","0.44K","0.23%"
"08/02/2023","43,461","43,091","43,620","43,020","2.05K","0.86%"
"08/01/2023","43,091","42,595","43,167","42,525","0.31K","2.18%"
"07/31/2023","42,173","41,993","42,362","41,663","0.28K","0.90%"
"07/28/2023","41,797","42,314","42,356","41,598","0.60K","-0.86%"
"07/27/2023","42,158","41,946","41,946","41,619","2.53K","1.02%"
"07/26/2023","41,733","41,840","41,955","41,496","0.58K","0.37%"
"07/25/2023","41,581","41,982","41,982","41,425","0.77K","-1.11%"
"07/24/2023","42,046","42,401","42,504","42,000","0.92K","-0.42%"
"07/21/2023","42,223","42,286","42,337","42,286","0.01K","-0.11%"
"07/20/2023","42,270","42,276","42,283","42,064","0.15K","-0.55%"
"07/19/2023","42,503","41,975","42,506","41,953","0.38K","1.57%"
"07/18/2023","41,845","42,148","42,245","41,701","0.38K","-0.98%"
"07/17/2023","42,261","41,861","42,390","41,799","0.50K","-0.03%"
"07/14/2023","42,272","41,710","42,547","41,710","0.29K","1.31%"
"07/13/2023","41,724","42,000","42,101","41,691","0.55K","-1.38%"
"07/12/2023","42,308","42,672","42,792","42,316","1.51K","-0.58%"
"07/11/2023","42,553","42,000","42,890","42,000","0.84K","-1.00%"
"07/10/2023","42,982","42,869","43,206","42,451","1.19K","-0.34%"
"07/07/2023","43,127","43,479","43,829","43,134","6.75K","-0.43%"
"07/06/2023","43,312","43,188","43,480","42,984","1.39K","-0.01%"
"07/05/2023","43,315","43,362","43,362","42,858","0.56K","0.89%"
"07/04/2023","42,933","43,225","43,331","42,704","0.85K","-0.40%"
"07/03/2023","43,106","42,000","43,480","42,000","0.45K","-0.43%"
"06/30/2023","43,293","43,500","43,500","42,794","0.61K","1.61%"
"06/29/2023","42,608","43,500","43,500","42,480","0.47K","-0.27%"
"06/28/2023","42,722","42,189","42,522","42,000","1.25K","2.74%"
"06/27/2023","41,584","41,318","41,688","41,318","13.45K","-0.87%"
"06/26/2023","41,947","43,500","43,500","41,793","0.35K","-0.57%"
"06/23/2023","42,188","42,257","42,257","42,048","0.33K","1.34%"
"06/22/2023","41,632","41,475","41,644","41,114","0.22K","0.51%"
"06/21/2023","41,420","41,906","41,906","41,498","7.43K","-0.43%"
"06/20/2023","41,597","41,194","41,910","41,194","0.10K","0.48%"
"06/19/2023","41,398","41,600","41,678","41,157","0.71K","-0.44%"
"06/15/2023","41,582","41,689","41,689","41,332","0.81K","0.42%"
"06/14/2023","41,410","41,800","42,090","41,800","0.45K","-1.12%"
"06/13/2023","41,877","41,700","42,116","41,534","0.43K","1.49%"
"06/12/2023","41,264","41,842","41,842","41,106","1.35K","-1.05%"
"06/09/2023","41,700","41,965","41,965","41,784","0.19K","-0.06%"
"06/08/2023","41,724","42,182","42,182","41,600","0.38K","-1.05%"
"06/07/2023","42,165","42,876","42,876","42,283","1.07K","-0.92%"
"06/06/2023","42,556","42,622","42,653","42,214","0.26K","-0.23%"
"06/05/2023","42,653","43,221","43,293","42,459","0.43K","-0.52%"
"06/02/2023","42,878","44,000","44,000","42,422","0.67K","0.66%"
"06/01/2023","42,598","43,291","43,291","42,765","0.43K","0.07%"
"05/31/2023","42,568","43,000","43,155","42,726","1.47K","-1.11%"
"05/30/2023","43,046","43,245","43,389","43,000","2.99K","0.72%"
"05/29/2023","42,738","41,231","43,776","41,231","1.88K","0.52%"
"05/26/2023","42,519","42,481","42,481","41,913","0.27K","1.42%"
"05/25/2023","41,924","41,378","42,000","41,378","0.66K","2.78%"
"05/24/2023","40,792","41,400","41,400","40,908","0.52K","-1.68%"
"05/23/2023","41,488","41,473","41,915","41,386","0.20K","-0.49%"
"05/22/2023","41,693","42,119","42,119","41,495","0.76K","-1.49%"
"05/19/2023","42,324","41,693","42,247","41,693","0.11K","1.20%"
"05/18/2023","41,823","41,745","41,894","41,488","0.07K","1.87%"
"05/17/2023","41,056","39,240","41,417","39,240","0.70K","1.27%"
"05/16/2023","40,542","40,606","41,012","39,321","0.32K","0.04%"
"05/15/2023","40,524","40,943","41,036","40,567","0.32K","-1.33%"
"05/12/2023","41,069","40,902","41,870","40,902","0.20K","0.65%"
"05/11/2023","40,802","40,789","40,900","40,628","0.09K","1.71%"
"05/10/2023","40,117","39,950","40,126","39,724","0.50K","1.55%"
"05/09/2023","39,505","39,200","39,606","38,200","0.47K","0.80%"
"05/08/2023","39,191","40,000","40,244","37,902","0.26K","-0.40%"
"05/05/2023","39,350","40,000","40,000","38,655","0.11K","2.65%"
"05/04/2023","38,336","38,398","38,767","38,398","0.13K","-1.25%"
"05/03/2023","38,821","40,000","40,000","39,005","0.16K","-0.89%"
"05/02/2023","39,171","39,500","39,707","39,309","0.90K","-0.35%"
"04/28/2023","39,309","39,000","39,307","38,896","0.48K","1.60%"
"04/26/2023","38,690","38,708","38,708","38,575","0.06K","-0.54%"
"04/25/2023","38,900","38,565","39,000","38,565","1.92K","0.69%"
"04/24/2023","38,632","38,353","38,969","38,353","0.25K","0.47%"
"04/21/2023","38,451","38,336","38,678","38,336","0.04K","-0.05%"
"04/20/2023","38,469","38,467","38,467","38,254","0.31K","-0.68%"
"04/19/2023","38,734","39,112","39,236","37,501","0.76K","-0.76%"
"04/18/2023","39,031","38,847","39,313","38,834","0.57K","0.93%"
"04/17/2023","38,673","38,770","38,979","38,611","0.75K","0.04%"
"04/14/2023","38,659","38,720","38,858","38,465","0.20K","-0.03%"
"04/13/2023","38,670","38,944","38,944","38,112","1.18K","-0.97%"
"04/12/2023","39,049","39,177","39,321","38,865","0.15K","0.13%"
"04/11/2023","38,997","39,240","39,489","38,527","0.56K","1.90%"
"04/06/2023","38,269","38,303","38,383","38,122","0.23K","0.97%"
"04/05/2023","37,902","38,012","38,012","37,596","0.10K","-0.36%"
"04/04/2023","38,038","37,981","38,241","37,603","0.11K","0.75%"
"04/03/2023","37,756","37,997","39,111","37,583","1.18K","1.46%"
"03/31/2023","37,213","37,380","37,380","37,030","0.06K","-0.21%"
"03/30/2023","37,293","37,761","37,853","37,478","1.19K","-0.15%"
"03/29/2023","37,348","37,343","37,683","37,311","0.39K","0.47%"
"03/28/2023","37,174","37,836","37,836","36,968","0.79K","-1.17%"
"03/27/2023","37,615","38,621","38,621","37,450","0.45K","2.21%"
"03/24/2023","36,800","39,055","39,580","36,511","0.57K","-1.34%"
"03/23/2023","37,300","39,421","39,421","36,966","0.89K","-1.58%"
"03/22/2023","37,900","38,375","38,396","38,140","0.41K","0.71%"
"03/20/2023","37,634","37,612","37,900","37,335","0.64K","-0.70%"
"03/17/2023","37,900","38,805","39,405","37,285","0.61K","2.46%"
"03/16/2023","36,991","38,221","38,221","36,495","0.46K","1.36%"
"03/15/2023","36,495","37,500","37,875","36,636","0.14K","-0.44%"
"03/14/2023","36,656","38,055","38,055","36,400","0.29K","1.06%"
"03/13/2023","36,270","36,061","36,422","35,700","0.14K","-0.84%"
"03/10/2023","36,579","39,409","39,409","37,000","1.65K","-4.81%"
"03/09/2023","38,429","38,345","38,345","38,200","0.27K","1.01%"
"03/08/2023","38,043","36,600","38,538","36,600","1.45K","-1.03%"
"03/07/2023","38,438","38,414","38,414","37,998","0.34K","1.24%"
"03/06/2023","37,966","36,600","38,186","36,600","0.21K","1.44%"
"03/03/2023","37,426","38,605","38,605","37,165","0.19K","1.45%"
"03/02/2023","36,892","38,959","38,959","36,886","1.75K","-1.22%"
"03/01/2023","37,349","38,500","38,905","37,104","0.51K","-0.93%"
"02/28/2023","37,699","38,494","38,494","37,740","0.74K","-0.61%"
"02/27/2023","37,931","38,100","38,477","36,197","3.56K","1.21%"
"02/24/2023","37,477","37,845","37,981","37,508","0.39K","-0.77%"
"02/23/2023","37,767","38,500","38,500","36,622","0.73K","0.83%"
"02/22/2023","37,457","37,742","38,006","37,396","0.68K","-1.25%"
"02/21/2023","37,931","38,427","38,427","37,811","0.39K","-0.30%"
"02/20/2023","38,047","37,902","38,207","37,902","0.40K","0.38%"
"02/17/2023","37,902","38,300","39,321","37,992","0.12K","-1.45%"
"02/16/2023","38,460","38,590","38,731","38,311","0.39K","0.66%"
"02/15/2023","38,208","37,900","38,446","37,012","0.88K","0.68%"
"02/14/2023","37,951","38,905","38,905","37,491","2.84K","0.28%"
"02/13/2023","37,844","37,912","38,291","37,722","0.30K","1.00%"
"02/10/2023","37,471","36,034","37,622","36,034","0.04K","-0.48%"
"02/09/2023","37,653","37,912","37,912","37,797","0.03K","-0.68%"
"02/08/2023","37,912","38,236","38,236","37,242","0.02K","1.79%"
"02/07/2023","37,245","37,203","38,322","36,229","0.11K","0.14%"
"02/06/2023","37,192","36,800","37,250","36,040","0.90K","2.70%"
"02/03/2023","36,213","36,000","36,800","36,000","0.30K","0.00%"
"02/02/2023","36,214","36,064","36,427","35,103","0.50K","0.42%"
"02/01/2023","36,064","36,800","36,800","35,946","0.46K","-0.24%"
"01/31/2023","36,152","36,513","36,513","35,803","0.16K","0.00%"
"01/30/2023","36,151","36,800","36,800","35,000","0.23K","0.66%"
"01/27/2023","35,913","36,800","36,800","35,427","0.48K","0.84%"
"01/26/2023","35,615","35,000","35,580","35,000","0.04K","1.46%"
"01/25/2023","35,102","35,689","35,689","35,000","0.02K","-1.80%"
"01/24/2023","35,747","35,400","36,491","35,336","0.37K","2.18%"
"01/23/2023","34,983","34,566","35,400","34,566","0.13K","1.03%"
"01/20/2023","34,627","34,818","35,166","34,731","0.28K","-0.12%"
"01/19/2023","34,670","34,688","34,709","34,688","0.28K","-0.52%"
"01/18/2023","34,850","35,300","35,300","35,004","0.20K","-1.10%"
"01/17/2023","35,236","33,656","35,401","33,656","2.16K","0.84%"
"01/16/2023","34,944","36,000","36,711","34,985","10.18K","1.73%"
"01/13/2023","34,351","34,641","34,641","34,236","0.14K","0.15%"
"01/12/2023","34,298","33,660","34,627","33,660","0.07K","-0.12%"
"01/11/2023","34,340","34,468","34,514","34,114","0.09K","0.62%"
"01/10/2023","34,127","34,243","34,265","33,931","0.20K","-0.34%"
"01/09/2023","34,243","34,286","34,445","34,014","0.39K","0.87%"
"01/06/2023","33,947","33,788","33,897","33,768","0.20K","1.08%"
"01/05/2023","33,584","35,500","35,500","33,692","0.11K","1.07%"
"01/04/2023","33,229","33,605","34,050","33,020","0.31K","-1.27%"
"01/03/2023","33,655","33,970","34,220","33,605","0.51K","0.62%"
"12/30/2022","33,447","33,717","33,717","33,717","0.01K","0.19%"
"12/29/2022","33,383","33,000","33,516","33,000","0.30K","-1.44%"
"12/28/2022","33,872","33,970","34,071","33,692","0.38K","0.72%"
"12/23/2022","33,630","33,500","33,715","33,408","0.05K","-0.46%"
"12/22/2022","33,787","34,224","34,224","34,187","0.07K","-1.28%"
"12/21/2022","34,224","33,887","34,396","33,887","0.04K","0.99%"
"12/20/2022","33,887","35,150","35,502","33,511","0.11K","-3.59%"
"12/19/2022","35,150","35,386","35,386","34,370","0.34K","0.33%"
"12/15/2022","35,036","35,493","35,493","34,885","0.03K","-1.53%"
"12/14/2022","35,581","36,882","36,882","35,202","0.16K","-2.56%"
"12/13/2022","36,517","34,948","36,774","33,756","0.44K","2.73%"
"12/12/2022","35,546","36,296","36,296","34,948","0.74K","0.42%"
"12/09/2022","35,396","35,328","35,328","34,948","0.05K","1.20%"
"12/08/2022","34,978","34,667","34,836","34,602","0.03K","0.90%"
"12/07/2022","34,667","35,260","35,613","34,761","0.77K","-2.11%"
"12/06/2022","35,416","34,911","35,735","34,911","1.25K","-1.03%"
"12/05/2022","35,786","37,500","37,600","35,901","0.65K","-1.02%"
"12/02/2022","36,154","36,567","36,592","36,105","0.05K","-1.13%"
"12/01/2022","36,569","35,839","37,310","35,839","0.70K","6.35%"
"11/30/2022","34,384","36,200","36,200","33,654","0.50K","-0.54%"
"11/29/2022","34,572","36,200","36,200","34,397","4.18K","-1.77%"
"11/28/2022","35,196","36,200","36,200","34,417","0.78K","-0.51%"
"11/25/2022","35,376","35,534","35,640","35,534","1.04K","0.36%"
"11/24/2022","35,248","35,375","35,429","34,923","1.05K","0.28%"
"11/23/2022","35,151","36,200","36,200","35,484","2.22K","-0.10%"
"11/22/2022","35,185","35,056","35,060","34,112","0.12K","-0.06%"
"11/21/2022","35,206","36,200","36,200","34,408","1.50K","-0.02%"
"11/18/2022","35,212","36,200","36,200","35,362","0.04K","0.25%"
"11/17/2022","35,123","35,084","35,250","35,084","0.26K","-0.16%"
"11/16/2022","35,181","35,906","35,906","35,223","0.02K","-1.04%"
"11/15/2022","35,550","35,699","35,699","34,999","1.27K","0.67%"
"11/14/2022","35,315","33,500","35,463","33,500","1.50K","0.36%"
"11/11/2022","35,187","34,782","35,418","34,782","0.14K","1.16%"
"11/10/2022","34,782","33,885","34,476","33,610","0.36K","0.22%"
"11/09/2022","34,705","34,870","34,913","34,570","0.03K","0.76%"
"11/08/2022","34,443","35,000","35,000","33,885","0.25K","0.45%"
"11/07/2022","34,290","36,621","36,621","34,500","0.30K","-1.77%"
"11/04/2022","34,909","34,900","35,249","34,500","0.15K","-0.69%"
"11/03/2022","35,150","36,700","36,700","35,250","0.36K","-1.93%"
"11/02/2022","35,842","36,106","36,106","35,740","0.61K","-0.66%"
"11/01/2022","36,080","36,555","37,988","36,351","0.51K","-0.99%"
"10/31/2022","36,442","37,100","37,500","35,740","0.61K","1.48%"
"10/28/2022","35,911","35,150","35,447","34,804","0.78K","1.75%"
"10/27/2022","35,294","35,513","35,513","35,513","0.01K","-1.03%"
"10/26/2022","35,660","37,100","37,100","35,229","0.14K","-0.50%"
"10/25/2022","35,839","37,100","37,100","35,961","0.11K","0.84%"
"10/24/2022","35,542","33,885","35,782","33,885","0.12K","3.09%"
"10/21/2022","34,476","34,197","34,492","34,197","0.14K","-0.86%"
"10/20/2022","34,774","34,779","34,814","34,492","0.09K","0.10%"
"10/19/2022","34,740","34,934","34,965","34,504","0.13K","0.12%"
"10/18/2022","34,699","34,318","35,000","34,318","0.05K","2.15%"
"10/17/2022","33,968","33,983","34,056","33,573","0.44K","0.48%"
"10/14/2022","33,806","34,900","34,900","34,185","1.05K","1.13%"
"10/13/2022","33,427","33,400","33,905","33,333","0.02K","-0.76%"
"10/12/2022","33,683","33,809","33,895","33,470","0.04K","-0.79%"
"10/11/2022","33,950","33,580","34,900","33,123","0.19K","1.10%"
"10/10/2022","33,580","33,906","34,013","33,564","0.36K","-1.55%"
"10/07/2022","34,108","34,534","34,534","34,218","1.00K","-1.40%"
"10/06/2022","34,593","34,795","34,795","34,671","0.01K","1.43%"
"10/05/2022","34,106","35,000","35,000","34,291","1.31K","-0.30%"
"10/04/2022","34,209","33,962","34,436","33,782","0.54K","2.23%"
"10/03/2022","33,464","33,286","33,543","32,942","0.46K","-0.46%"
"09/30/2022","33,620","33,391","33,850","33,391","0.32K","0.06%"
"09/29/2022","33,601","34,156","34,156","33,693","0.17K","-0.64%"
"09/28/2022","33,818","34,005","34,005","33,432","1.36K","-0.39%"
"09/27/2022","33,952","34,136","34,199","33,782","0.15K","-0.67%"
"09/26/2022","34,182","33,636","34,315","33,636","0.13K","0.47%"
"09/23/2022","34,021","34,087","34,178","33,729","0.83K","0.20%"
"09/22/2022","33,952","34,616","34,616","34,606","0.06K","-3.37%"
"09/21/2022","35,137","35,208","35,300","34,813","0.21K","0.03%"
"09/20/2022","35,127","34,634","35,626","34,634","0.15K","1.42%"
"09/19/2022","34,634","35,314","35,314","33,216","0.09K","-0.39%"
"09/16/2022","34,768","34,843","34,843","34,831","0.21K","-1.19%"
"09/15/2022","35,188","35,587","35,615","35,215","0.99K","-0.23%"
"09/14/2022","35,268","35,417","35,417","35,112","0.04K","-0.55%"
"09/13/2022","35,462","36,000","36,000","34,233","0.91K","-1.29%"
"09/12/2022","35,924","36,000","36,000","35,858","0.48K","0.12%"
"09/09/2022","35,881","35,935","35,935","35,877","0.15K","0.58%"
"09/08/2022","35,675","35,462","35,520","35,410","0.49K","2.35%"
"09/07/2022","34,856","34,832","34,832","34,832","0.18K","0.44%"
"09/06/2022","34,704","34,719","34,845","34,615","0.03K","0.21%"
"09/05/2022","34,633","34,965","35,014","34,642","0.61K","-2.02%"
"09/02/2022","35,348","35,251","35,373","34,882","0.43K","2.28%"
"09/01/2022","34,561","34,701","34,743","34,309","0.49K","-0.79%"
"08/31/2022","34,836","33,506","34,724","33,506","0.04K","1.04%"
"08/30/2022","34,478","35,071","35,101","35,009","0.40K","-2.57%"
"08/29/2022","35,386","37,000","37,000","35,654","0.26K","-0.75%"
"08/26/2022","35,654","36,216","36,225","36,029","0.20K","-0.57%"
"08/25/2022","35,857","36,000","36,297","35,945","0.36K","-0.47%"
"08/24/2022","36,025","36,000","36,117","36,000","0.01K","-0.12%"
"08/23/2022","36,068","36,303","36,303","36,000","0.43K","-0.29%"
"08/22/2022","36,174","36,500","36,848","36,000","0.38K","-1.93%"
"08/19/2022","36,887","36,900","38,196","36,545","1.20K","0.45%"
"08/18/2022","36,721","37,000","37,000","36,500","0.26K","0.80%"
"08/17/2022","36,429","36,398","36,474","36,398","0.03K","0.99%"
"08/16/2022","36,073","36,000","36,249","36,000","0.19K","0.70%"
"08/15/2022","35,823","35,678","35,854","35,462","5.52K","2.04%"
"08/12/2022","35,107","36,000","36,000","34,967","0.21K","-0.41%"
"08/11/2022","35,253","35,039","35,160","35,039","0.32K","1.89%"
"08/10/2022","34,599","35,113","35,217","35,006","0.22K","-2.32%"
"08/08/2022","35,420","36,000","36,000","35,237","1.59K","-0.52%"
"08/05/2022","35,606","35,007","35,452","35,007","0.01K","0.38%"
"08/04/2022","35,472","35,729","35,837","35,366","0.77K","-0.40%"
"08/03/2022","35,614","35,500","35,867","35,081","2.73K","2.14%"
"08/02/2022","34,868","35,500","35,500","34,428","1.22K","0.40%"
"08/01/2022","34,729","35,200","35,257","34,433","15.47K","-0.51%"
"07/29/2022","34,908","34,816","35,036","34,349","1.95K","2.53%"
"07/28/2022","34,045","34,409","34,609","34,021","33.37K","-0.47%"
"07/27/2022","34,207","34,714","34,714","33,960","1.33K","0.45%"
"07/26/2022","34,055","33,936","34,265","33,764","0.16K","0.18%"
"07/25/2022","33,994","33,600","34,578","33,600","0.22K","-1.25%"
"07/21/2022","34,423","34,867","34,956","34,499","1.99K","-0.15%"
"07/20/2022","34,473","34,300","34,722","34,151","0.14K","1.54%"
"07/19/2022","33,949","33,577","33,948","33,240","0.35K","0.28%"
"07/18/2022","33,854","34,000","34,384","33,695","2.95K","0.82%"
"07/15/2022","33,577","33,234","33,657","33,205","0.10K","2.18%"
"07/14/2022","32,862","33,065","33,065","32,655","0.16K","-0.19%"
"07/13/2022","32,924","33,374","33,374","32,805","0.31K","-1.58%"
"07/12/2022","33,452","33,719","33,754","33,000","3.44K","-0.68%"
"07/11/2022","33,680","33,721","33,848","33,693","0.36K","0.29%"
"07/08/2022","33,584","33,418","33,726","33,418","0.03K","1.08%"
"07/07/2022","33,226","33,214","33,303","33,214","0.25K","0.98%"
"07/06/2022","32,905","32,379","32,956","32,379","0.11K","3.33%"
"07/05/2022","31,846","32,057","32,157","31,596","0.64K","0.23%"
"07/04/2022","31,774","31,656","31,967","31,524","0.39K","0.24%"
"07/01/2022","31,699","31,629","31,952","31,629","0.64K","0.80%"
"06/30/2022","31,446","31,184","31,629","31,184","0.02K","-1.13%"
"06/29/2022","31,804","32,498","32,498","31,329","0.16K","-0.39%"
"06/28/2022","31,928","31,906","32,337","31,731","0.25K","0.79%"
"06/27/2022","31,678","31,827","32,051","31,516","0.43K","1.06%"
"06/24/2022","31,345","31,260","32,289","31,178","0.40K","1.54%"
"06/23/2022","30,871","30,852","31,120","30,852","0.13K","0.68%"
"06/22/2022","30,662","30,491","30,524","30,074","0.29K","0.43%"
"06/21/2022","30,530","30,633","30,633","30,362","0.15K","0.33%"
"06/20/2022","30,429","30,120","30,407","30,057","1.04K","2.25%"
"06/17/2022","29,759","30,273","30,273","30,000","0.44K","-3.89%"
"06/15/2022","30,965","30,697","31,052","30,402","0.26K","0.40%"
"06/14/2022","30,842","31,208","31,279","30,695","0.16K","-0.74%"
"06/13/2022","31,073","31,400","31,530","31,092","0.22K","-1.96%"
"06/10/2022","31,694","32,000","32,000","31,793","0.75K","-1.47%"
"06/09/2022","32,168","31,861","32,328","31,861","0.13K","-1.09%"
"06/08/2022","32,522","32,482","32,685","32,482","0.29K","0.27%"
"06/07/2022","32,435","32,549","32,566","31,941","0.05K","-0.42%"
"06/06/2022","32,571","32,419","32,808","32,397","0.13K","0.71%"
"06/03/2022","32,342","33,500","33,500","33,283","0.57K","-2.38%"
"06/02/2022","33,132","32,557","33,377","32,557","0.21K","1.77%"
"06/01/2022","32,557","33,185","33,485","32,936","0.49K","-2.00%"
"05/31/2022","33,223","33,133","33,689","32,755","0.25K","0.27%"
"05/30/2022","33,133","32,678","33,999","32,678","2.79K","1.39%"
"05/27/2022","32,678","32,400","32,879","32,400","0.23K","1.00%"
"05/26/2022","32,355","32,111","32,181","32,075","0.30K","1.58%"
"05/25/2022","31,852","31,597","31,690","31,246","0.20K","2.55%"
"05/24/2022","31,061","31,569","31,720","31,500","0.49K","-1.61%"
"05/23/2022","31,569","32,062","32,062","31,457","1.01K","-0.20%"
"05/20/2022","31,632","31,992","32,023","31,688","0.21K","0.20%"
"05/19/2022","31,568","32,694","33,515","31,657","1.45K","-3.44%"
"05/18/2022","32,694","33,267","33,373","32,842","2.65K","-0.74%"
"05/17/2022","32,938","33,200","33,392","32,842","0.72K","-0.54%"
"05/16/2022","33,117","33,025","33,483","33,025","0.25K","-0.05%"
"05/13/2022","33,133","32,612","32,990","32,612","0.18K","2.70%"
"05/12/2022","32,262","32,500","32,599","32,119","0.48K","-2.39%"
"05/11/2022","33,053","33,277","33,277","32,910","0.15K","0.32%"
"05/10/2022","32,948","33,230","33,437","32,943","0.42K","-1.38%"
"05/09/2022","33,409","33,368","33,786","33,320","27.51K","-0.33%"
"05/06/2022","33,519","34,106","34,133","33,013","0.85K","-1.29%"
"05/05/2022","33,958","34,171","34,403","34,171","0.01K","0.94%"
"05/04/2022","33,642","33,955","34,008","33,602","0.70K","0.20%"
"05/03/2022","33,576","34,269","34,285","33,641","0.32K","-1.44%"
"04/29/2022","34,067","34,374","34,676","34,289","0.10K","-1.16%"
"04/28/2022","34,468","34,559","34,681","34,145","0.31K","0.97%"
"04/26/2022","34,136","34,627","34,644","34,300","0.99K","0.04%"
"04/25/2022","34,124","34,593","34,593","33,717","1.10K","-1.36%"
"04/22/2022","34,593","34,931","35,148","34,828","0.02K","-1.74%"
"04/21/2022","35,207","34,900","35,288","34,900","1.79K","2.38%"
"04/20/2022","34,388","34,000","34,587","34,000","0.63K","1.50%"
"04/19/2022","33,879","32,810","33,805","32,810","0.52K","2.24%"
"04/14/2022","33,136","33,352","33,352","33,337","0.10K","1.32%"
"04/13/2022","32,705","32,791","32,791","32,472","0.15K","-0.12%"
"04/12/2022","32,745","32,996","33,117","32,465","3.66K","-1.20%"
"04/11/2022","33,144","33,000","33,453","32,996","0.44K","-1.23%"
"04/08/2022","33,558","33,947","33,983","33,946","0.16K","-0.16%"
"04/07/2022","33,611","33,422","33,782","33,422","0.23K","-1.00%"
"04/06/2022","33,950","33,765","33,854","33,500","0.32K","-0.09%"
"04/05/2022","33,981","34,147","34,500","33,700","3.03K","-0.01%"
"04/04/2022","33,983","33,761","34,131","33,595","0.84K","0.23%"
"04/01/2022","33,906","33,992","34,111","33,734","1.34K","-0.80%"
"03/31/2022","34,181","34,900","34,900","33,920","1.36K","0.39%"
"03/30/2022","34,048","34,267","34,279","34,150","0.36K","-0.44%"
"03/29/2022","34,200","34,481","34,900","34,027","0.27K","0.41%"
"03/28/2022","34,060","33,849","33,984","33,563","0.63K","1.03%"
"03/25/2022","33,714","34,900","34,900","33,498","0.37K","1.15%"
"03/24/2022","33,330","33,700","33,815","33,300","0.72K","-1.42%"
"03/23/2022","33,810","33,700","34,900","33,700","1.56K","-0.45%"
"03/22/2022","33,964","34,326","34,326","33,300","0.92K","0.96%"
"03/18/2022","33,640","33,700","34,326","33,338","1.48K","1.46%"
"03/17/2022","33,156","32,000","34,195","31,700","0.41K","1.55%"
"03/16/2022","32,650","32,936","33,252","32,936","0.22K","0.42%"
"03/15/2022","32,514","32,934","32,934","32,035","13.81K","-0.29%"
"03/14/2022","32,608","33,400","33,499","32,510","0.92K","-0.43%"
"03/11/2022","32,748","32,500","33,002","32,500","0.33K","0.64%"
"03/10/2022","32,540","32,400","32,892","31,791","0.76K","-0.21%"
"03/09/2022","32,609","32,841","34,293","32,527","11.32K","-0.53%"
"03/08/2022","32,782","32,500","32,973","32,500","22.19K","-1.94%"
"03/07/2022","33,431","33,500","33,748","33,110","0.16K","-0.93%"
"03/04/2022","33,745","34,457","34,457","33,892","0.07K","-1.09%"
"03/03/2022","34,116","33,900","34,399","32,400","0.56K","-0.43%"
"03/02/2022","34,264","34,878","34,878","34,025","0.57K","0.24%"
"03/01/2022","34,181","34,990","34,990","33,997","9.33K","0.34%"
"02/28/2022","34,065","33,023","34,622","33,023","1.56K","2.21%"
"02/25/2022","33,329","33,682","33,682","31,720","14.82K","2.20%"
"02/24/2022","32,613","33,089","33,089","31,051","2.76K","-1.44%"
"02/23/2022","33,089","34,990","34,990","33,285","0.46K","-0.94%"
"02/22/2022","33,402","33,790","33,790","31,896","1.21K","0.24%"
"02/21/2022","33,322","33,700","33,790","33,300","1.31K","0.22%"
"02/18/2022","33,249","34,128","34,128","33,427","0.06K","-1.60%"
"02/17/2022","33,790","34,565","34,565","32,951","4.05K","-1.27%"
"02/16/2022","34,223","35,000","35,187","34,400","0.48K","-0.85%"
"02/15/2022","34,518","33,603","34,575","33,602","0.51K","1.75%"
"02/14/2022","33,924","34,300","34,301","33,748","1.97K","-2.44%"
"02/11/2022","34,773","36,414","36,414","34,365","0.31K","-0.89%"
"02/10/2022","35,084","35,700","36,414","35,000","0.59K","-1.63%"
"02/09/2022","35,666","35,367","35,642","35,269","0.19K","1.45%"
"02/08/2022","35,156","36,132","36,132","34,983","0.22K","-0.95%"
"02/07/2022","35,492","35,142","35,662","35,142","0.29K","0.65%"
"02/04/2022","35,264","35,238","35,297","35,030","0.33K","0.29%"
"02/03/2022","35,163","35,884","36,091","35,328","3.83K","-1.03%"
"02/02/2022","35,529","35,994","36,119","35,395","1.07K","1.56%"
"02/01/2022","34,984","35,874","35,874","34,010","0.71K","0.40%"
"01/31/2022","34,844","34,125","35,207","34,125","0.73K","2.11%"
"01/28/2022","34,125","34,745","34,745","34,152","0.85K","-0.80%"
"01/27/2022","34,401","35,000","35,640","33,000","3.76K","0.64%"
"01/26/2022","34,181","34,018","34,263","33,900","1.07K","1.48%"
"01/25/2022","33,681","33,333","34,280","33,333","1.35K","0.53%"
"01/24/2022","33,504","34,687","34,687","33,333","1.65K","-2.45%"
"01/21/2022","34,344","35,388","35,388","34,431","0.27K","-1.98%"
"01/20/2022","35,038","35,500","35,500","35,001","0.43K","-2.43%"
"01/19/2022","35,909","35,951","36,045","35,643","0.67K","-0.44%"
"01/18/2022","36,069","37,696","37,696","35,999","0.38K","-1.56%"
"01/17/2022","36,642","36,633","36,800","36,590","0.19K","1.03%"
"01/14/2022","36,270","36,539","36,567","36,021","1.05K","-2.08%"
"01/13/2022","37,040","37,423","37,423","37,040","0.55K","-0.03%"
"01/12/2022","37,052","38,722","39,109","36,807","0.32K","0.40%"
"01/11/2022","36,906","36,883","37,348","36,539","0.40K","0.06%"
"01/10/2022","36,883","38,942","38,942","37,100","1.16K","-0.99%"
"01/07/2022","37,252","37,661","37,661","37,360","0.24K","-0.76%"
"01/06/2022","37,539","38,923","38,923","37,767","1.65K","-2.59%"
"01/05/2022","38,538","39,400","40,500","38,718","3.02K","-2.95%"
"01/04/2022","39,709","39,540","40,400","38,500","1.23K","1.43%"
"01/03/2022","39,149","38,970","39,798","38,500","0.75K","1.46%"